Time, TargetPos, Distance, Ypos, Zpos, Angle, Score, TotalScore
24,-17.2999992370605,33.6006,1.9111,33.5462,58.408,0,0
3,-8,24.3593,1.933,24.2825,43.4222,0,0
6,-8,24.3293,1.9185,24.2535,43.3795,0,0
9,8,8.47,1.9179,8.2501,13.5116,0,0
12,-17.2999992370605,33.6085,1.9201,33.5536,58.4189,0,0
