Time, TargetPos, Distance, Ypos, Zpos, Angle, Score, TotalScore
18,8,39.0023,2.012,38.9504,42.4911,0,0
3,-8,15.8862,-5.5953,14.8682,27.8265,0,0
6,0,8.8589,-5.5953,6.8682,12.8951,0,0
9,-8,15.8862,-5.5953,14.8682,27.8265,0,0
12,-17.2999992370605,24.8075,-5.5953,24.1682,42.8657,0,0
15,8,5.7086,-5.5953,-1.1318,-2.0363,0,0
18,0,8.8589,-5.5953,6.8682,12.8951,0,0
21,17.2999992370605,11.8376,-5.5953,-10.4318,-17.0755,0,0
24,0,8.8589,-5.5953,6.8682,12.8951,0,0
