Time, TargetPos, Distance, Ypos, Zpos, Angle, Score, TotalScore
3,0,5.3624,-5.3283,-0.6033,-1.1521,0,0
6,17.2999992370605,18.6794,-5.3283,-17.9033,-31.1227,0,0
9,-8,9.116,-5.3283,7.3967,13.7793,0,0
12,-17.2999992370605,17.5263,-5.3283,16.6967,28.8185,0,0
15,-8,9.116,-5.3283,7.3967,13.7793,0,0
18,17.2999992370605,18.6794,-5.3283,-17.9033,-31.1227,0,0
21,-8,9.116,-5.3283,7.3967,13.7793,0,0
